<SciCumulus>
	<environment type="LOCAL" verbose="true"/>
	<constraint workflow_exectag="workflow-map-gpu-1" cores="2" performance="false"/>
	<workspace workflow_dir="/Users/vitor/Desktop/workflow-spoc"/>
	<database name="scc2" username="scc2" password="scc2" port="5432" server="localhost"/>
	<conceptualWorkflow tag="workflow-map-gpu" description="">
		<activity constrained="false" tag="act1" description="" type="MAP" activation="./experiment.cmd" template="%=WFDIR%/template_act1">
			<relation reltype="Input" name="IAct1"/>
			<relation reltype="Output" name="OAct1" />
			<field name="IDENT" type="float" input="IAct1" output="OAct1" decimalplaces="0"/>
			<field name="FILE1" type="file" input="IAct1" output="OAct1"/>
			<field name="K" type="float" output="OAct1" decimalplaces="0"/>
			<field name="TA" type="float" output="OAct1" decimalplaces="0"/>
			<field name="TB" type="float" output="OAct1" decimalplaces="0"/>
			<field name="TC" type="float" output="OAct1" decimalplaces="0"/>
    	</activity>
		<activity tag="act2" description="" type="MAP" activation="./experiment.cmd" template="%=WFDIR%/template_act2">
			<relation reltype="Input" dependency="act1"/>
			<relation reltype="Output" name="OAct2" output="OAct1"/>
			<field name="IDENT" type="float" output="OAct2" decimalplaces="0"/>
			<field name="FILE1" type="file" output="OAct2"/>
			<field name="K" type="float" output="OAct2" decimalplaces="0"/>
			<field name="TA" type="float" output="OAct2" decimalplaces="0"/>
			<field name="TB" type="float" output="OAct2" decimalplaces="0"/>
			<field name="TC" type="float" output="OAct2" decimalplaces="0"/>
    	</activity>
		<activity tag="act3" description="" type="MAP" activation="./experiment.cmd" template="%=WFDIR%/template_act3">
			<relation reltype="Input" dependency="act2"/>
			<relation reltype="Output" name="OAct3"/>
			<field name="IDENT" type="float" output="OAct3" decimalplaces="0"/>
			<field name="FILE1" type="file" output="OAct3"/>
			<field name="K" type="float" output="OAct3" decimalplaces="0"/>
			<field name="TA" type="float" output="OAct3" decimalplaces="0"/>
			<field name="TB" type="float" output="OAct3" decimalplaces="0"/>
			<field name="TC" type="float" output="OAct3" decimalplaces="0"/>
    	</activity>
	</conceptualWorkflow>
	<executionWorkflow tag="workflow-map-gpu" execmodel="DYN_FAF" expdir="%=WFDIR%/exp">
		<relation name="IAct1" filename="input.dataset"/>
	</executionWorkflow>
</SciCumulus>
